id;name;file;file_content_type
1;atop;../fake-data/blob/hipster.png;image/png
2;whether dream;../fake-data/blob/hipster.png;image/png
3;platter where;../fake-data/blob/hipster.png;image/png
4;postbox transom;../fake-data/blob/hipster.png;image/png
5;mmm nor;../fake-data/blob/hipster.png;image/png
6;encouragement cumbersome till;../fake-data/blob/hipster.png;image/png
7;poorly bin verve;../fake-data/blob/hipster.png;image/png
8;nauseate injunction eek;../fake-data/blob/hipster.png;image/png
9;pish;../fake-data/blob/hipster.png;image/png
10;ifX;../fake-data/blob/hipster.png;image/png
